Translation X,Translation Y,Translation Z,Rotation X,Rotation Y,Rotation Z,Rotation W
-0.021552320674925015,0.1235354773851639,0.9478917466187567,-0.5548960247533201,0.29496622921038723,-0.37033852902657644,0.684057526277432
