Translation X,Translation Y,Translation Z,Rotation X,Rotation Y,Rotation Z,Rotation W
-329.30154402915815,-498.7011146765944,419.5567422306854,-0.8100903843972966,-0.3858958425779294,0.4164647356484889,-0.14627061136586736
