Translation X,Translation Y,Translation Z,Rotation X,Rotation Y,Rotation Z,Rotation W
-0.029134199450861317,0.13628096877634563,0.9436403900138508,-0.5854274957459099,0.31147656659045336,-0.3565178549993312,0.6581428528491144
