Translation X,Translation Y,Translation Z,Rotation X,Rotation Y,Rotation Z,Rotation W
0.019124861437564283,0.0621404133335993,0.9484417785048795,-0.5547633879955151,0.29499361674209007,-0.37016868482911586,0.6842452003434447
