Translation X,Translation Y,Translation Z,Rotation X,Rotation Y,Rotation Z,Rotation W
100.42963799047638,70.38638163173867,894.1527447780662,-0.4644253075192121,0.48778650307035604,-0.5396033660370377,0.5051748890429701
