Translation X,Translation Y,Translation Z,Rotation X,Rotation Y,Rotation Z,Rotation W
-0.013932139616230608,0.11203421484300408,0.9480068223056712,-0.554881245008976,0.2949839260313185,-0.37030994566308545,0.6840773578064404
