Translation X,Translation Y,Translation Z,Rotation X,Rotation Y,Rotation Z,Rotation W
-3.925301222392024,-0.008084229297351548,1066.3267402781958,-2.408945335785712e-05,0.0052499880349470415,-0.002574473742907057,0.9999829044190095
