Translation X,Translation Y,Translation Z,Rotation X,Rotation Y,Rotation Z,Rotation W
0.131401820690542,0.11688728181193914,0.7280824921131981,0.004413304294246546,0.5390395530860997,-0.06232847306898878,0.839959549263435
