Translation X,Translation Y,Translation Z,Rotation X,Rotation Y,Rotation Z,Rotation W
-22.70878567012928,-468.7785933021811,660.7116494292911,0.7173625707934003,0.612169033335927,-0.294452345983368,0.15471855930731507
