Translation X,Translation Y,Translation Z,Rotation X,Rotation Y,Rotation Z,Rotation W
-0.03023325838891297,0.20183832359831927,0.9480740200590693,-0.6044146543191342,-0.07349155282601777,0.07797356472503732,0.7894314666337875
