Translation X,Translation Y,Translation Z,Rotation X,Rotation Y,Rotation Z,Rotation W
-30.23325838891297,201.83832359831928,948.0740200590693,-0.6044146543191342,-0.07349155282601777,0.07797356472503732,0.7894314666337875
