Translation X,Translation Y,Translation Z,Rotation X,Rotation Y,Rotation Z,Rotation W
-3.390961644923531,196.13399027408718,961.4540477873444,-0.6243707762794704,-0.06693605410998915,0.06898409440943938,0.775191520275387
