Translation X,Translation Y,Translation Z,Rotation X,Rotation Y,Rotation Z,Rotation W
-0.003390961644923531,0.19613399027408718,0.9614540477873444,-0.6243707762794704,-0.06693605410998915,0.06898409440943938,0.775191520275387
