Translation X,Translation Y,Translation Z,Rotation X,Rotation Y,Rotation Z,Rotation W
-0.02913479588614057,0.1362812570098384,0.9436402129768208,-0.5854278890658454,0.3114761207902219,-0.35651794895116906,0.658142663073163
