Translation X,Translation Y,Translation Z,Rotation X,Rotation Y,Rotation Z,Rotation W
89.63545644954577,1.3665338854653826,961.0422548940247,-0.4585184742829682,0.49009349070340996,-0.539968962627297,0.5079396603048115
