Translation X,Translation Y,Translation Z,Rotation X,Rotation Y,Rotation Z,Rotation W
-0.020987786457892035,0.12390544532139654,0.9437632915577042,-0.5853671868330868,0.3114293946472617,-0.35661430348231676,0.6581665649974784
