Translation X,Translation Y,Translation Z,Rotation X,Rotation Y,Rotation Z,Rotation W
-0.0029376259007816196,0.0953983468651645,0.94815393783934,-0.5548238233187371,0.2949732386045177,-0.3702700416768107,0.6841501369011002
