Translation X,Translation Y,Translation Z,Rotation X,Rotation Y,Rotation Z,Rotation W
0.07185391010612638,-0.017675376169670735,0.9491186062859436,-0.5547136602938941,0.29501909537127796,-0.3701656264023813,0.6842761850888834
