Translation X,Translation Y,Translation Z,Rotation X,Rotation Y,Rotation Z,Rotation W
0.1283997653106045,-0.10313254341097577,0.949832850891782,-0.5547146446162111,0.29503204531620736,-0.37024270168175594,0.6842281031470726
