Translation X,Translation Y,Translation Z,Rotation X,Rotation Y,Rotation Z,Rotation W
276.3356880728551,19.775878232231456,889.037263812853,-0.5114498547359129,0.5200788084194077,-0.4821256161978217,0.4852751480650267
