Translation X,Translation Y,Translation Z,Rotation X,Rotation Y,Rotation Z,Rotation W
20.217472244933028,213.39015533958707,946.9408561119061,-0.6238707876677185,-0.07536633816876777,0.07614269044934016,0.7741494985188765
