Translation X,Translation Y,Translation Z,Rotation X,Rotation Y,Rotation Z,Rotation W
0.02021747224493303,0.21339015533958708,0.9469408561119061,-0.6238707876677185,-0.07536633816876777,0.07614269044934016,0.7741494985188765
