Translation X,Translation Y,Translation Z,Rotation X,Rotation Y,Rotation Z,Rotation W
103.73366556437895,126.35699676805629,893.6568497180733,-0.46443315414283226,0.48798284545256804,-0.5395533857520715,0.5050314166469564
