Translation X,Translation Y,Translation Z,Rotation X,Rotation Y,Rotation Z,Rotation W
0.03840109117745925,0.03295446663515602,0.9486859555031035,-0.5547605317655241,0.2950505612266146,-0.37015825097532573,0.6842286079593429
