Translation X,Translation Y,Translation Z,Rotation X,Rotation Y,Rotation Z,Rotation W
97.13124908331255,70.86763530957157,929.996540218006,-0.46458263192013616,0.48779868583702274,-0.5395078388338387,0.5051204926061447
