Translation X,Translation Y,Translation Z,Rotation X,Rotation Y,Rotation Z,Rotation W
0.08352014843344661,-0.035372644235917,0.9492623654101153,-0.5546958193445575,0.2950502207961138,-0.3701832938562806,0.68426766996516
