Translation X,Translation Y,Translation Z,Rotation X,Rotation Y,Rotation Z,Rotation W
-0.07071331001684276,0.19306622216970412,0.9471825760286654,-0.6043834137660087,-0.07346709483122213,0.07795086616988577,0.7894599024681181
