Translation X,Translation Y,Translation Z,Rotation X,Rotation Y,Rotation Z,Rotation W
-70.71331001684277,193.06622216970413,947.1825760286654,-0.6043834137660087,-0.07346709483122213,0.07795086616988577,0.7894599024681181
