Translation X,Translation Y,Translation Z,Rotation X,Rotation Y,Rotation Z,Rotation W
257.9817698426124,30.18302433775042,931.5050991645988,-0.007884239900499778,0.6193545341018256,-0.009389573009546846,0.7850156914147643
