Translation X,Translation Y,Translation Z,Rotation X,Rotation Y,Rotation Z,Rotation W
89.06048543025837,-7.07391282293096,961.0169645463691,-0.458532643127101,0.49007999537768765,-0.5399131760920971,0.5079991885816602
