Translation X,Translation Y,Translation Z,Rotation X,Rotation Y,Rotation Z,Rotation W
21.28461741440708,213.37237165326954,946.9875525482161,-0.6197175394971931,-0.10927436737412419,0.1032587582567626,0.7702901483972131
