Translation X,Translation Y,Translation Z,Rotation X,Rotation Y,Rotation Z,Rotation W
0.02128461741440708,0.21337237165326953,0.9469875525482161,-0.6197175394971931,-0.10927436737412419,0.1032587582567626,0.7702901483972131
