Translation X,Translation Y,Translation Z,Rotation X,Rotation Y,Rotation Z,Rotation W
276.33160215918764,9.051240534937033,888.8709131725219,-0.5115072002940316,0.5200649482193213,-0.4820635435902571,0.48529122557717913
