Translation X,Translation Y,Translation Z,Rotation X,Rotation Y,Rotation Z,Rotation W
-442.41510019858686,-398.8445062665577,432.3061878572001,-0.810126259394354,-0.3858665982687483,0.4164189803391191,-0.14627933891546271
