Translation X,Translation Y,Translation Z,Rotation X,Rotation Y,Rotation Z,Rotation W
-41.26106998429473,-0.10668437954360843,1066.3967088771842,0.001858104005048606,0.001855203891645079,0.7082591806973951,0.7059476174801365
