Translation X,Translation Y,Translation Z,Rotation X,Rotation Y,Rotation Z,Rotation W
93.27076818565205,3.6529075422773127,930.5635794591475,-0.4645509009318981,0.4878466759456223,-0.5394421383474916,0.505173495531243
