Translation X,Translation Y,Translation Z,Rotation X,Rotation Y,Rotation Z,Rotation W
-0.016786214398423063,0.14169356491077967,0.9499467413821328,-0.6256541108022924,-0.05324295312185669,0.058647569926227064,0.7760686722969847
