Translation X,Translation Y,Translation Z,Rotation X,Rotation Y,Rotation Z,Rotation W
313.4393391543527,41.02800238329825,839.1210981988742,-0.008526852426854354,0.6497996552067566,0.06237548497940085,0.7574938942027556
