Translation X,Translation Y,Translation Z,Rotation X,Rotation Y,Rotation Z,Rotation W
38.30728679387654,218.43252584122249,947.6306608349166,-0.6138523563024892,-0.1471232402985064,0.13356303545693604,0.7640032410830985
