Translation X,Translation Y,Translation Z,Rotation X,Rotation Y,Rotation Z,Rotation W
331.54956813466816,-18.999698509531814,606.7262697521214,-0.007199995260525304,0.7820725072082858,0.061530643961758925,0.6201005832853614
