Translation X,Translation Y,Translation Z,Rotation X,Rotation Y,Rotation Z,Rotation W
310.79246018441273,106.02588754388192,844.15208301844,0.052835317326497,0.6527993778793263,0.009517480669548242,0.7556261106162746
