Translation X,Translation Y,Translation Z,Rotation X,Rotation Y,Rotation Z,Rotation W
-0.036557636564080884,0.144897807427824,0.9433890634224417,-0.6244823850300295,0.22884117453283687,-0.2825443517837989,0.6912468133023909
